gene_name,epoch,loss
Cnpy1,9,0.09346065
Cnpy1,19,0.081030816
Cnpy1,29,0.07848991
Cnpy1,39,0.08791549
Cnpy1,49,0.08566584
Cnpy1,59,0.08986661
