,scv_acc_s,scv_acc_u,scv_time,st_acc_s,st_acc_u,st_time
0.3,0.9993816863947901,-0.17357396958970037,0.014700174331665039,0.9940065844726257,0.6287670974960653,15.813015460968018
0.4,0.999403971592511,-0.15312607191144523,0.019875049591064453,0.994028237529154,0.5170927601931596,15.17858600616455
0.5,0.9993772659656788,-0.15306957712155853,0.020966768264770508,0.9943498317468016,0.6653302037908595,14.718743801116943
0.6000000000000001,0.9993816989631689,-0.15344592363450155,0.025816679000854492,0.9946094910778426,0.6293400358227292,9.141152620315552
0.7000000000000002,0.9993630991530059,-0.14781178399680436,0.03226900100708008,0.9946959825114401,0.6597246182988223,11.565779447555542
0.8000000000000003,0.9993508504526669,-0.14066255924311538,0.03771257400512695,0.9946301591840114,0.6599021555282258,22.599238634109497
0.9000000000000001,0.9993462366674071,-0.14343787620401438,0.04744124412536621,0.9945806924228365,0.6717515748762196,42.1410026550293
